{"cameraMode":{"drawMode":0,"name":"Shaded","section":"Shading Mode"},"sceneLighting":false,"audioPlay":false,"sceneViewState":{"showFog":true,"showMaterialUpdate":false,"showSkybox":false,"showFlares":true,"showImageEffects":true,"showParticleSystems":true},"in2DMode":false,"pivot":{"x":0.02850000001490116,"y":0.06610000133514404,"z":-0.006900000385940075},"rotation":{"x":-0.2444540113210678,"y":0.7210608720779419,"z":-0.3093838095664978,"w":-0.569738507270813},"size":0.02857884392142296,"orthographic":false}